prompt,response
What is online fraud?,Online fraud refers to any type of deception or scam conducted over the internet to obtain personal or financial information illegally.
How can I protect myself from phishing attacks?,"Be cautious of unsolicited emails, don't click on suspicious links, verify the sender's address, and never provide personal information through email."
What are some common types of online fraud?,"Common types include phishing, identity theft, credit card fraud, fake online stores, and investment scams."
How can I create a strong password?,"Use a mix of uppercase and lowercase letters, numbers, and symbols. Make it at least 12 characters long and avoid using personal information."
What is two-factor authentication (2FA)?,"2FA is an extra layer of security that requires two forms of identification to access an account, typically something you know (password) and something you have (like a phone)."
How often should I change my passwords?,"While opinions vary, it's generally recommended to change passwords every 3-6 months, or immediately if you suspect a breach."
What should I do if I think I've been a victim of online fraud?,"Report it to your local authorities, contact your bank or credit card company, and change all your passwords immediately."
Is it safe to use public Wi-Fi?,"Public Wi-Fi can be risky. Avoid accessing sensitive information or financial accounts. If necessary, use a VPN for added security."
What is a VPN and how does it help prevent online fraud?,"A Virtual Private Network (VPN) encrypts your internet connection, making it harder for hackers to intercept your data."
How can I tell if a website is secure?,"Look for 'https://' in the URL and a padlock icon in the address bar. These indicate that the site uses SSL/TLS encryption."
What is identity theft?,"Identity theft occurs when someone uses your personal information without your permission, often for financial gain."
How can I protect my children from online fraud?,"Educate them about online safety, use parental controls, monitor their online activity, and teach them not to share personal information."
What is social engineering in the context of online fraud?,"Social engineering involves manipulating people into divulging confidential information, often by exploiting human psychology."
Are mobile banking apps safe to use?,"Generally yes, if downloaded from official app stores. Always use a secure network and enable all security features offered by the app."
How can I spot a fake online store?,"Look for poor website design, lack of contact information, unrealistic discounts, and check reviews from multiple sources."
What is malware and how can I protect against it?,"Malware is malicious software designed to harm your device or steal information. Use antivirus software, keep your system updated, and avoid downloading from untrusted sources."
How can I secure my home Wi-Fi network?,"Use WPA3 encryption, create a strong password, change the default network name, and keep your router's firmware updated."
What is a data breach and what should I do if I'm affected?,"A data breach is when sensitive information is accessed without authorization. If affected, change your passwords, monitor your accounts, and consider freezing your credit."
How can I verify the legitimacy of a charity before donating online?,"Check if it's registered with charity regulators, look for reviews, and use charity evaluation websites."
What is skimming and how can I protect my credit card information?,"Skimming is the theft of credit card information using a small device. Protect yourself by using contactless payment methods and monitoring your statements regularly."
What is pharming and how does it differ from phishing?,"Pharming redirects users to fake websites even when they enter the correct URL, while phishing typically uses deceptive emails to lure users to fake sites."
How can I protect my social media accounts from being hacked?,"Use strong, unique passwords, enable two-factor authentication, be cautious about third-party apps, and avoid clicking suspicious links."
What is a keylogger and how can I protect against it?,"A keylogger is software that records keystrokes. Protect against it with up-to-date antivirus software, virtual keyboards for sensitive info, and avoiding downloads from untrusted sources."
How can I safely shop online?,"Use reputable sites, ensure the connection is secure (https), use a credit card or PayPal for better protection, and keep records of your transactions."
What is ransomware and how can I prevent it?,"Ransomware is malware that encrypts your files and demands payment. Prevent it by keeping software updated, using antivirus, and regularly backing up your data."
How can I spot a phishing email?,"Look for generic greetings, spelling errors, urgent requests, suspicious attachments, and email addresses that don't match the supposed sender."
What is smishing and how can I avoid it?,"Smishing is phishing via SMS. Avoid it by not clicking links in unsolicited texts, not responding to requests for personal info via text, and verifying sender identities."
How can I protect my personal information on social media?,"Adjust privacy settings, be selective about what you share, avoid accepting friend requests from strangers, and be cautious about quizzes and apps."
What is clickjacking and how does it work?,"Clickjacking tricks users into clicking on hidden elements. Protect yourself by keeping your browser updated and using security extensions."
How can I securely store my passwords?,"Use a reputable password manager, which encrypts and securely stores your passwords, allowing you to use unique, complex passwords for each account."
What should I do if my credit card is compromised online?,"Contact your card issuer immediately, dispute any fraudulent charges, request a new card, and monitor your credit report."
How can I protect my computer from malware?,"Use reputable antivirus software, keep your operating system and applications updated, be cautious when downloading files, and use a firewall."
What is a man-in-the-middle attack?,"It's when an attacker intercepts communication between two parties. Protect against it by using secure connections (https) and avoiding public Wi-Fi for sensitive transactions."
How can I verify if an email requesting personal information is legitimate?,"Contact the supposed sender directly using a known, verified method (like an official website or phone number), not the contact info provided in the suspicious email."
What is cryptocurrency fraud and how can I avoid it?,"Common crypto frauds include fake ICOs, pump-and-dump schemes, and fake exchanges. Research thoroughly, be wary of guarantees, and only use reputable exchanges."
How can I protect my elderly relatives from online scams?,"Educate them about common scams, set up security measures on their devices, encourage them to verify requests for money or information, and monitor their accounts if possible."
What is typosquatting and how can I protect against it?,"Typosquatting uses URLs similar to popular websites to trick users. Double-check URLs, use bookmarks for important sites, and be cautious when clicking links."
How can I safely use online banking?,"Use official apps or type the URL directly, enable all security features offered by your bank, avoid public Wi-Fi, and regularly check your statements."
What is a zero-day exploit?,"It's a software vulnerability unknown to the vendor. Protect against it by keeping all software updated and using comprehensive security software."
How can I protect my business from online fraud?,"Implement strong cybersecurity policies, train employees, use secure payment systems, regularly update software, and consider cyber insurance."
What is catfishing and how can I avoid falling victim to it?,"Catfishing involves creating a fake online persona for deceptive purposes. Be cautious of online-only relationships, verify identities, and be wary of requests for money or personal information."
How can I protect my devices when traveling?,"Use a VPN, avoid public Wi-Fi, use travel-only email addresses and credit cards, and consider using a travel router."
What is vishing and how does it work?,"Vishing is voice phishing, using phone calls to scam victims. Be wary of unsolicited calls, don't give out personal information, and verify caller identities independently."
How can I protect my smart home devices from being hacked?,"Change default passwords, keep firmware updated, use strong Wi-Fi encryption, and consider setting up a separate network for IoT devices."
What is a watering hole attack?,"It's when attackers compromise a website frequently used by a specific group. Protect yourself by keeping software updated and being cautious when browsing, even on familiar sites."
How can I securely dispose of old devices containing personal data?,"Use data erasure software, perform a factory reset, physically destroy hard drives, and consider professional recycling services that guarantee data destruction."
What is deepfake fraud and how can I protect against it?,"Deepfakes use AI to create convincing fake videos or audio. Be skeptical of sensational content, verify information from multiple sources, and use trusted media literacy resources."
How can I protect my wireless printer from being hacked?,"Change default passwords, update firmware regularly, disable unused protocols, and consider placing it on a separate network from your main devices."
What is credential stuffing and how can I prevent it?,"Credential stuffing uses stolen credentials to access multiple accounts. Prevent it by using unique passwords for each account and enabling two-factor authentication."
How can I teach my employees about cybersecurity best practices?,"Conduct regular training sessions, simulate phishing attacks, establish clear security policies, and encourage reporting of suspicious activities."
What is a brute force attack and how can I protect against it?,"A brute force attack tries many passwords to gain unauthorized access. Protect against it by using strong, complex passwords and enabling account lockouts after multiple failed attempts."
How can I secure my home office for remote work?,"Use a VPN, secure your home Wi-Fi, keep work and personal devices separate, use company-approved software, and follow your organization's security policies."
What is phishing and how can I recognize it?,"Phishing attempts to steal sensitive information through fake emails or websites. Recognize it by checking sender addresses, being wary of urgent requests, and verifying links before clicking."
How can I protect my online banking transactions?,"Use official banking apps or websites, enable two-factor authentication, avoid public Wi-Fi for transactions, and regularly monitor your account for suspicious activity."
What is malvertising and how can I protect against it?,"Malvertising spreads malware through online ads. Protect against it by using an ad-blocker, keeping your browser updated, and avoiding clicking on ads."
How can I secure my smart home devices?,"Change default passwords, regularly update firmware, create a separate network for IoT devices, and disable features you don't use."
What is a man-in-the-browser attack?,"It's malware that infects a web browser to modify transactions or steal data. Protect against it by keeping your browser updated and using reputable security software."
How can I protect my children from cyberbullying?,"Monitor their online activity, educate them about online etiquette, encourage open communication, and use parental control software when appropriate."
What is identity theft and how can I prevent it?,"Identity theft is the fraudulent use of someone's personal information. Prevent it by safeguarding personal data, using strong passwords, and regularly monitoring your credit report."
How can I secure my Wi-Fi network?,"Use WPA3 encryption, create a strong password, change the default network name (SSID), and keep your router's firmware updated."
What is a watering hole attack?,"A watering hole attack compromises websites frequently visited by a specific group. Protect yourself by keeping software updated and being cautious when browsing, even on familiar sites."
How can I protect my business from ransomware?,"Regularly back up data, keep all software updated, train employees on security practices, use email filtering, and consider cybersecurity insurance."
What is social engineering and how can I guard against it?,"Social engineering manipulates people into divulging information. Guard against it by verifying identities, being skeptical of unsolicited requests, and educating yourself about common tactics."
How can I safely use public computers?,"Avoid accessing sensitive accounts, use private browsing mode, don't save passwords, log out of all accounts, and consider using a VPN."
What is a zero-day exploit?,"A zero-day exploit targets a software vulnerability unknown to the vendor. Protect against it by keeping all software updated and using comprehensive security software."
How can I protect my smart TV from being hacked?,"Keep the firmware updated, change default passwords, disable features you don't use, and consider disconnecting it from the internet when not in use."
What is a SIM swap scam and how can I prevent it?,"A SIM swap scam transfers your phone number to a hacker's SIM. Prevent it by using a PIN on your mobile account and being cautious of unsolicited password reset requests."
How can I secure my cloud storage?,"Use strong, unique passwords, enable two-factor authentication, encrypt sensitive files before uploading, and regularly review access permissions."
What is pharming and how does it differ from phishing?,"Pharming redirects users to fake websites even when they enter the correct URL, while phishing typically uses deceptive emails to lure users to fake sites."
How can I protect my business from insider threats?,"Implement strict access controls, monitor user activity, conduct regular security training, and have a clear offboarding process for departing employees."
What is a supply chain attack?,"A supply chain attack targets less-secure elements in the supply network. Guard against it by vetting vendors, implementing strong third-party security policies, and regularly auditing your supply chain."
How can I protect my webcam from being hacked?,"Cover the webcam when not in use, keep your operating system and antivirus updated, and be cautious about granting camera permissions to applications."
What is credential stuffing?,"Credential stuffing uses stolen credentials to access multiple accounts. Prevent it by using unique passwords for each account and enabling two-factor authentication."
How can I protect my online gaming account?,"Use a strong, unique password, enable two-factor authentication, be cautious of phishing attempts, and avoid sharing account details."
What is typosquatting and how can I avoid it?,"Typosquatting uses misspelled domain names to trick users. Avoid it by double-checking URLs, using bookmarks, and being cautious when clicking links."
How can I secure my email account?,"Use a strong, unique password, enable two-factor authentication, be cautious of phishing attempts, and avoid accessing your email on public computers."
What is a DDoS attack and how can websites protect against it?,"A DDoS attack overwhelms a site with traffic. Protect against it by using DDoS mitigation services, implementing traffic filtering, and having a response plan ready."
How can I protect my smartphone from malware?,"Only download apps from official stores, keep your operating system updated, use antivirus software, and be cautious about granting app permissions."
What is spear phishing?,"Spear phishing is a targeted form of phishing that uses personalized information to appear more credible. Be extra cautious of emails that seem to know a lot about you."
How can I protect my business from CEO fraud?,"Implement verification procedures for large transactions, educate employees about the scam, and use email authentication protocols."
What is cryptojacking and how can I prevent it?,"Cryptojacking uses your device's resources to mine cryptocurrency. Prevent it with up-to-date antivirus software, ad-blockers, and by avoiding suspicious websites."
How can I protect my online accounts if my phone is lost or stolen?,"Use remote wiping features, change passwords for important accounts, contact your mobile provider to disable the SIM, and file a police report if necessary."
What is a password manager and why should I use one?,"A password manager securely stores and generates strong passwords. Use one to create unique passwords for each account without having to remember them all."
How can I protect my privacy on social media?,"Review and adjust privacy settings regularly, be selective about friend requests, avoid oversharing personal information, and be cautious about third-party apps and quizzes."
What is a drive-by download?,"A drive-by download installs malware just by visiting a website. Prevent it by keeping your browser and plugins updated, using an ad-blocker, and avoiding suspicious sites."
How can I protect my business from whaling attacks?,"Whaling targets high-level executives. Protect against it by implementing email authentication protocols, training executives on security practices, and establishing verification procedures for sensitive requests."
What is formjacking and how can e-commerce sites protect against it?,"Formjacking injects malicious code to steal payment info from forms. E-commerce sites can protect against it by regularly updating software, using security plugins, and implementing Content Security Policy (CSP)."
How can I secure my IoT devices?,"Change default passwords, regularly update firmware, create a separate network for IoT devices, and disable features you don't use."
What is session hijacking and how can websites prevent it?,"Session hijacking steals user sessions to gain unauthorized access. Prevent it by using HTTPS, implementing proper session management, and using secure session cookies."
How can I protect my cryptocurrency investments?,"Use hardware wallets for large amounts, enable two-factor authentication on exchanges, be wary of phishing attempts, and avoid sharing your private keys."
What is a evil twin Wi-Fi attack?,"An evil twin attack sets up a fake Wi-Fi hotspot to intercept data. Avoid it by verifying network names with the legitimate provider and using a VPN on public Wi-Fi."
How can I protect my medical information online?,"Use patient portals securely, be cautious about sharing health info on social media, and be wary of unsolicited requests for medical information."
What is a replay attack in network security?,"A replay attack intercepts and retransmits data to trick a system. Protect against it by using encrypted connections and protocols that use session tokens or timestamps."
How can I protect my smart car from being hacked?,"Keep the car's software updated, use a strong password for associated apps, be cautious when connecting third-party devices, and consider disabling features you don't use."
What is domain spoofing and how can organizations prevent it?,"Domain spoofing impersonates legitimate email domains. Prevent it by implementing DMARC, SPF, and DKIM email authentication protocols."
How can I protect my children from online predators?,"Educate them about online safety, use parental controls, monitor their online activity, and maintain open communication about their online experiences."
What is a man-in-the-middle attack?,"A man-in-the-middle attack intercepts communication between two parties. Prevent it by using encrypted connections (HTTPS), avoiding public Wi-Fi for sensitive tasks, and verifying website certificates."
How can I secure my online financial transactions?,"Use secure websites (https), avoid public Wi-Fi for sensitive transactions, enable transaction alerts, and regularly monitor your accounts for suspicious activity."
What is pretexting in social engineering?,"Pretexting involves creating a fabricated scenario to obtain information. Be cautious of unsolicited contact and verify identities independently before sharing information."
What is spear phishing and how does it differ from regular phishing?,"Spear phishing targets specific individuals or organizations with personalized messages, making it more convincing than general phishing attempts."
How can I protect my business from insider threats?,"Implement strict access controls, monitor user activity, conduct regular security training, and have a clear offboarding process for departing employees."
What is a supply chain attack and how can businesses guard against it?,"Supply chain attacks target less-secure elements in the supply network. Guard against it by vetting vendors, implementing strong third-party security policies, and regularly auditing your supply chain."
How can I securely use cloud services for sensitive data?,"Encrypt data before uploading, use strong authentication methods, regularly review access permissions, and choose reputable cloud providers with strong security measures."
What is a password spraying attack?,"Password spraying tries common passwords across many accounts. Prevent it by enforcing strong, unique passwords and implementing account lockouts after multiple failed attempts."
How can I protect my smart home devices from being hacked?,"Use strong, unique passwords for each device, keep firmware updated, disable unnecessary features, and consider putting IoT devices on a separate network."
What is a evil twin Wi-Fi attack?,"An evil twin attack sets up a fake Wi-Fi hotspot to intercept data. Avoid it by verifying network names with the legitimate provider and using a VPN on public Wi-Fi."
How can I secure my online financial transactions?,"Use secure websites (https), avoid public Wi-Fi for sensitive transactions, enable transaction alerts, and regularly monitor your accounts for suspicious activity."
What is social engineering and how can I protect against it?,"Social engineering manipulates people into divulging information. Protect against it by verifying identities, being skeptical of unsolicited requests, and educating yourself about common tactics."
How can I protect my medical information online?,"Use patient portals securely, be cautious about sharing health info on social media, and be wary of unsolicited requests for medical information."
What is a replay attack in network security?,"A replay attack intercepts and retransmits data to trick a system. Protect against it by using encrypted connections and protocols that use session tokens or timestamps."
How can I safely use public Wi-Fi networks?,"Avoid accessing sensitive accounts, use a VPN, ensure HTTPS connections, disable file sharing, and forget the network after use."
What is pharming and how does it differ from phishing?,"Pharming redirects users to fake websites even when they enter the correct URL, while phishing typically uses deceptive emails to lure users to fake sites."
How can I protect my business from DDoS attacks?,"Use DDoS mitigation services, implement traffic filtering, have a response plan ready, and consider using a content delivery network (CDN)."
What is a backdoor in cybersecurity?,"A backdoor is a hidden method to bypass normal authentication in a system. Prevent them by keeping software updated, using reputable security software, and avoiding suspicious downloads."
How can I protect my online identity?,"Use unique passwords for each account, enable two-factor authentication, be cautious about sharing personal information online, and regularly monitor your credit report."
What is a man-in-the-middle attack and how can I prevent it?,"A man-in-the-middle attack intercepts communication between two parties. Prevent it by using encrypted connections (HTTPS), avoiding public Wi-Fi for sensitive tasks, and verifying website certificates."
How can I secure my email communications?,"Use strong passwords, enable two-factor authentication, be cautious of phishing attempts, use email encryption for sensitive information, and avoid opening suspicious attachments."
What is typosquatting and how can I avoid it?,"Typosquatting uses URLs similar to popular websites to trick users. Avoid it by carefully checking URLs, using bookmarks for important sites, and being cautious when clicking links."
How can I protect my online reputation?,"Monitor your online presence, use strong privacy settings on social media, be cautious about what you share online, and address negative content promptly and professionally."
What is a zero-day vulnerability?,"A zero-day vulnerability is a software flaw unknown to the vendor. Protect against it by keeping all software updated, using comprehensive security software, and practicing safe browsing habits."
How can I securely shop on mobile devices?,"Use official apps or mobile websites, avoid saving payment information, use secure payment methods like PayPal, and avoid making purchases on public Wi-Fi."
What is clickjacking and how can I protect against it?,"Clickjacking tricks users into clicking hidden elements. Protect against it by keeping your browser updated, using security extensions, and being cautious when interacting with web elements."
How can I protect my business from whaling attacks?,"Whaling targets high-level executives. Protect against it by implementing email authentication protocols, training executives on security practices, and establishing verification procedures for sensitive requests."
What is session hijacking and how can websites prevent it?,"Session hijacking steals user sessions to gain unauthorized access. Prevent it by using HTTPS, implementing proper session management, and using secure session cookies."
How can I protect my cryptocurrency investments?,"Use hardware wallets for large amounts, enable two-factor authentication on exchanges, be wary of phishing attempts, and avoid sharing your private keys."
What is a drive-by download attack?,"A drive-by download installs malware just by visiting a website. Prevent it by keeping your browser and plugins updated, using an ad-blocker, and avoiding suspicious websites."
How can I protect my smart car from being hacked?,"Keep the car's software updated, use a strong password for associated apps, be cautious when connecting third-party devices, and consider disabling features you don't use."
What is domain spoofing and how can organizations prevent it?,"Domain spoofing impersonates legitimate email domains. Prevent it by implementing DMARC, SPF, and DKIM email authentication protocols."
How can I protect my privacy on social media platforms?,"Review and adjust privacy settings regularly, be selective about friend requests, avoid oversharing personal information, and be cautious about third-party apps and quizzes."
What is a DNS cache poisoning attack?,DNS cache poisoning redirects users to malicious websites by corrupting DNS data. Protect yourself by using a secure DNS service and keeping your router firmware updated.
How can I protect my wireless router from being hacked?,"Change the default password, use WPA3 encryption, disable remote management, keep firmware updated, and use a strong network password."
What is formjacking and how can e-commerce sites protect against it?,"Formjacking injects malicious code to steal payment info from forms. E-commerce sites can protect against it by regularly updating software, using security plugins, and implementing Content Security Policy (CSP)."
How can I spot a fake app in an app store?,"Check the developer's name and website, read reviews carefully, be wary of new apps with few downloads, and verify permissions requested by the app."
What is SQL injection and how can websites prevent it?,"SQL injection inserts malicious code into database queries. Prevent it by using parameterized queries, input validation, and least privilege access controls."
How can I protect my cloud storage from unauthorized access?,"Use strong, unique passwords, enable two-factor authentication, encrypt sensitive files before uploading, and regularly review access permissions."
What is a botnet and how can I prevent my device from becoming part of one?,"A botnet is a network of infected devices controlled by hackers. Prevent infection by keeping software updated, using strong security software, and avoiding suspicious downloads."
How can I securely use public computers?,"Avoid accessing sensitive accounts, use incognito mode, don't save passwords, log out of all accounts, and consider using a VPN."
What is cryptojacking and how can I protect against it?,"Cryptojacking uses your device's resources to mine cryptocurrency. Protect against it with up-to-date antivirus software, ad-blockers, and by avoiding suspicious websites."
How can I verify the authenticity of a software download?,"Check the file's digital signature, download from official sources, and verify the checksum if provided."
What is pretexting in social engineering?,"Pretexting involves creating a fabricated scenario to obtain information. Be cautious of unsolicited contact and verify identities independently before sharing information."
How can I protect my smart TV from being hacked?,"Keep the firmware updated, change default passwords, disable features you don't use, and consider disconnecting it from the internet when not in use."
What is a drive-by download and how can I prevent it?,"A drive-by download installs malware just by visiting a website. Prevent it by keeping your browser and plugins updated, using an ad-blocker, and avoiding suspicious sites."
How can I protect my online gaming accounts from being hacked?,"Use a strong, unique password, enable two-factor authentication, be cautious of phishing attempts, and avoid sharing account details."
What is typosquatting and how can I avoid falling for it?,"Typosquatting uses misspelled domain names to trick users. Avoid it by double-checking URLs, using bookmarks, and being cautious when clicking links."
How can I protect my children from online predators?,"Educate them about online safety, use parental controls, monitor their online activity, and maintain open communication about their online experiences."
What is a SIM swap scam and how can I protect against it?,"SIM swap scams transfer your phone number to a hacker's SIM. Protect against it by using a PIN on your mobile account and being cautious of unsolicited password reset requests."
How can I securely delete files so they can't be recovered?,"Use secure deletion software that overwrites data multiple times, or physically destroy the storage device for highly sensitive data."
What is phishing and how can I recognize it?,"Phishing attempts to steal sensitive information through fake emails or websites. Recognize it by checking sender addresses, being wary of urgent requests, and verifying links before clicking."
How can I protect my online accounts if my phone is lost or stolen?,"Use remote wiping features, change passwords for important accounts, contact your mobile provider to disable the SIM, and file a police report if necessary."
What is a man-in-the-browser attack?,"It's malware that infects a web browser to modify transactions or steal data. Protect against it by keeping your browser updated and using reputable security software."
How can I safely use peer-to-peer (P2P) file sharing networks?,"Use a VPN, scan all downloads with antivirus software, avoid executable files, and be aware of copyright laws."
What is CEO fraud and how can businesses prevent it?,"CEO fraud involves impersonating executives to authorize payments. Prevent it by implementing verification procedures for large transactions and educating employees about the scam."
How can I protect my webcam from being hacked?,"Cover the webcam when not in use, keep your operating system and antivirus updated, and be cautious about granting camera permissions to applications."
What is a watering hole attack and how can I protect against it?,"A watering hole attack compromises websites frequently visited by a specific group. Protect against it by keeping software updated and being cautious even on familiar sites."
How can I safely use public charging stations for my mobile devices?,"Use a USB data blocker, bring your own charger and plug, or consider a portable battery pack to avoid public charging stations altogether."
What is malvertising and how can I protect against it?,"Malvertising spreads malware through online ads. Protect against it by using an ad-blocker, keeping your browser updated, and avoiding clicking on ads."
How can I protect my small business from ransomware attacks?,"Regularly back up data, keep software updated, train employees on security practices, use email filtering, and consider cybersecurity insurance."
What is a zero-click attack and how can I defend against it?,"Zero-click attacks infect devices without user interaction. Defend by keeping all software updated, using comprehensive security software, and limiting app permissions."
How can I securely use IoT devices in my home?,"Change default passwords, regularly update firmware, segregate IoT devices on a separate network, and disable unnecessary features."